Name,Score
Move to Heaven,9.2
Weak Hero Class 1,9.1
Hospital Playlist Season 2,9.1
Flower of Evil,9.1
Hospital Playlist,9.1
Alchemy of Souls,9.1
Reply 1988,9.1
My Mister,9.0
Under the Queen's Umbrella,9.0
The Glory Part 2,9.0
Prison Playbook,9.0
Mr. Queen,9.0
Mother,9.0
Alchemy of Souls Season 2: Light and Shadow,9.0
Extraordinary Attorney Woo,9.0
Crash Landing on You,9.0
Navillera,9.0
Vincenzo,9.0
It's Okay to Not Be Okay,8.9
Signal,8.9
The Glory,8.9
Kingdom Season 2,8.9
Happiness,8.9
Mr. Sunshine,8.9
Tomorrow,8.9
Healer,8.9
SKY Castle,8.8
The Red Sleeve,8.8
Taxi Driver Season 2,8.8
Mouse,8.8
Stranger,8.8
Twenty-Five Twenty-One,8.8
The Uncanny Counter,8.8
Goblin,8.8
D.P.,8.8
Kingdom,8.8
Weightlifting Fairy Kim Bok Joo,8.8
Taxi Driver,8.8
Six Flying Dragons,8.8
Youth of May,8.8
Life on Mars,8.8
Missing: The Other Side Season 2,8.8
The Devil Judge,8.8
Racket Boys,8.8
Through the Darkness,8.8
Beyond Evil,8.7
Dear My Friends,8.7
Hometown Cha-Cha-Cha,8.7
The Penthouse: War in Life,8.7
Arthdal Chronicles Part 3: The Prelude to All Legends,8.7
"Arthdal Chronicles Part 2: The Sky Turning Inside Out, Rising Land",8.7
The Guest,8.7
Defendant,8.7
Dr. Romantic Season 2,8.7
While You Were Sleeping,8.7
The Penthouse Season 2: War in Life,8.7
Our Beloved Summer,8.7
Sweet Home,8.7
Our Blues,8.7
18 Again,8.7
Moon Lovers: Scarlet Heart Ryeo,8.7
Partners for Justice Season 2,8.7
"Kill Me, Heal Me",8.7
The Fiery Priest,8.7
Misaeng: Incomplete Life,8.7
A Business Proposal,8.7
My Name,8.7
Chicago Typewriter,8.7
Hot Stove League,8.7
Strong Woman Do Bong Soon,8.7
Duty After School: Part 1,8.7
Dr. Romantic,8.7
Strangers from Hell,8.7
Live,8.7
The King of Pigs,8.7
Jewel in the Palace,8.6
Tunnel,8.6
Love to Hate You,8.6
My Liberation Notes,8.6
Descendants of the Sun,8.6
Hotel del Luna,8.6
The First Responders,8.6
Missing: The Other Side,8.6
Law School,8.6
"It's Okay, That's Love",8.6
Ghost Doctor,8.6
Eulachacha Waikiki,8.6
Children of Nobody,8.6
Good Manager,8.6
Reborn Rich,8.6
Once Again,8.6
The Bridal Mask,8.6
Empress Ki,8.6
Money Heist: Korea - Joint Economic Area - Part 2,8.6
Go Back Couple,8.6
Juvenile Justice,8.6
My Father Is Strange,8.6
Big Mouth,8.6
Stranger Season 2,8.6
Designated Survivor: 60 Days,8.6
Cruel City,8.6
Little Women,8.6
Beautiful World,8.6
365: Repeat the Year,8.6
Avengers Social Club,8.6
Rebel: Thief Who Stole the People,8.5
Nobody Knows,8.5
Age of Youth,8.5
Bad and Crazy,8.5
Revenge of Others,8.5
Mystic Pop-Up Bar,8.5
My Love from the Star,8.5
Just Between Lovers,8.5
The Master's Sun,8.5
Blind,8.5
Bad Guys,8.5
Kairos,8.5
Arthdal Chronicles Part 1: The Children of Prophecy,8.5
Save Me,8.5
Queen Seon Duk,8.5
One Ordinary Day,8.5
I Hear Your Voice,8.5
Doctor John,8.5
Voice,8.5
Crash Course in Romance,8.5
What's Wrong with Secretary Kim,8.5
One Dollar Lawyer,8.5
"Hi Bye, Mama!",8.5
Vagabond,8.5
Fight for My Way,8.5
W,8.5
Mad for Each Other,8.5
Squid Game,8.5
Reply 1997,8.5
Dong Yi,8.5
Thirty But Seventeen,8.5
All of Us Are Dead,8.5
"It's Okay, That's Friendship",8.5
"Work Later, Drink Now",8.5
Two Weeks,8.5
Dali and the Cocky Prince,8.5
The Princess's Man,8.5
When the Camellia Blooms,8.5
Call It Love,8.4
Circle,8.5
Itaewon Class,8.5
Because This Is My First Life,8.5
Lost,8.4
Voice Season 2,8.4
Angel's Last Mission: Love,8.4
Snowdrop,8.4
If You Wish Upon Me,8.4
Yumi's Cells,8.4
Doom at Your Service,8.4
The World of the Married,8.4
Extracurricular,8.4
Be Melodramatic,8.4
Queen In Hyun's Man,8.4
Seasons of Blossom,8.4
Moon Embracing the Sun,8.4
Memorist,8.4
Gaus Electronics,8.4
"From Now On, Showtime!",8.4
Love All Play,8.4
The Mysterious Class,8.4
Train,8.4
Recipe for Farewell,8.4
Duel,8.4
Hello Monster,8.4
I'm Not a Robot,8.4
My Unfamiliar Family,8.4
Pachinko,8.4
Nine: Nine Times Time Travel,8.4
The Crowned Clown,8.4
The Forbidden Marriage,8.4
Mad Dog,8.4
Partners for Justice,8.4
Hit the Spot,8.4
Pinocchio,8.4
Birthcare Center,8.4
Extraordinary You,8.4
My Country: The New Age,8.4
Search: WWW,8.4
Military Prosecutor Doberman,8.4
Sh**ting Stars,8.4
Secret,8.4
Doctor Prisoner,8.4
Sell Your Haunted House,8.4
Amanza,8.4
Age of Youth Season 2,8.4
Player,8.4
Soundtrack #1,8.4
Her Private Life,8.4
The Good Detective,8.4
Come and Hug Me,8.4
Yumi's Cells Season 2,8.4
My Roommate Is a Gumiho,8.4
The Legend of the Blue Sea,8.4
Jumong,8.4
Lie After Lie,8.4
The Tale of Nokdu,8.3
"At a Distance, Spring Is Green",8.3
Psychopath Diary,8.3
The Beauty Inside,8.3
Class of Lies,8.3
The Veil,8.3
100 Days My Prince,8.3
City Hunter,8.3
Good Doctor,8.3
Tale of the Nine-Tailed,8.3
Summer Strike,8.3
He Is Psychometric,8.3
One Spring Night,8.3
God's Quiz: Reboot,8.3
Ugly Alert,8.3
God's Gift: 14 Days,8.3
Voice Season 3: City of Accomplices,8.3
Confession,8.3
Vampire Prosecutor 2,8.3
Iljimae,8.3
Rookie Cops,8.3
Team Bulldog: Off-duty Investigation,8.3
The Sound of Your Heart,8.3
The Sound of Magic,8.3
Gu Family Book,8.3
The Hymn of Death,8.3
True Beauty,8.3
Graceful Family,8.3
Five Enough,8.3
The Guardians,8.3
Again My Life,8.3
Misty,8.3
Oh My Ghost,8.3
Voice Season 4: Judgment Hour,8.3
Memory,8.3
Money Heist: Korea - Joint Economic Area - Part 1,8.3
Terius Behind Me,8.3
The Nokdu Flower,8.3
She Makes My Heart Flutter,8.3
Are You Human Too?,8.3
The Smile Has Left Your Eyes,8.3
Suspicious Partner,8.3
Missing Noir M,8.3
Love Playlist Season 4,8.3
Welcome 2 Life,8.3
Awaken,8.3
WATCHER,8.3
Tree With Deep Roots,8.3
The King's Affection,8.3
Ghost,8.3
Mine,8.3
Divorce Attorney Shin,8.3
Angry Mom,8.3
Lawless Lawyer,8.3
Special Affairs Team TEN,8.3
May It Please the Court,8.3
D-Day,8.3
49 Days,8.3
Run On,8.3
God's Quiz,8.3
Touch Your Heart,8.3
Queen for Seven Days,8.3
Coffee Prince,8.3
Leverage,8.3
Rookie Historian Goo Hae Ryung,8.3
Crazy Love,8.3
Liar Game,8.3
A Gentleman's Dignity,8.3
Bulgasal: Immortal Souls,8.3
Oh My Venus,8.3
God's Quiz Season 3,8.3
What Happens to My Family?,8.3
Live Up to Your Name,8.2
Oh My Geum Bi,8.2
Salon De Nabi,8.2
Light on Me,8.2
XX,8.2
Love in the Moonlight,8.2
King2Hearts,8.2
A Korean Odyssey,8.2
God's Quiz Season 2,8.2
Remember: War of the Son,8.2
When the Weather Is Fine,8.2
Bad Prosecutor,8.2
Giant,8.2
Tell Me What You Saw,8.2
Blue Birthday,8.2
Semantic Error,8.2
Hyena,8.2
Secret Garden,8.2
Into the Ring,8.2
A Beautiful Mind,8.2
Find Me in Your Memory,8.2
"Fanletter, Please",8.2
Pegasus Market,8.2
Black Dog,8.2
Zombie Detective,8.2
Who Are You: School 2015,8.2
Another Miss Oh,8.2
Queen of Mystery,8.2
School 2013,8.2
Inspector Koo,8.2
Diary of a Prosecutor,8.2
History of the Salaryman,8.2
May I Help You,8.2
Bloody Heart,8.2
You're All Surrounded,8.2
Something About 1 Percent,8.2
Sungkyunkwan Scandal,8.2
Solomon's Perjury,8.2
All-Boys High,8.2
Somehow 18,8.2
Chief of Staff Season 2,8.2
Search,8.2
"The King's Daughter, Soo Baek Hyang",8.2
Kill It,8.2
To My Star Season 2: Our Untold Stories,8.2
The Light in Your Eyes,8.2
Money Flower,8.2
Unstoppable High Kick,8.2
Vampire Prosecutor,8.2
Special Labor Inspector Jo,8.2
A Piece of Your Mind,8.2
Time Between Dog and Wolf,8.2
Thirty-Nine,8.2
Mama,8.2
School 2017,8.2
Thank You,8.2
Rooftop Prince,8.2
Lovers of the Red Sky,8.2
Go Ho's Starry Night,8.2
My Holo Love,8.2
Fated to Love You,8.2
Romance Is a Bonus Book,8.2
The K2,8.2
Shopping King Louie,8.2
Live On,8.2
Woman of Dignity,8.2
One the Woman,8.2
"Bring It On, Ghost",8.2
Eulachacha Waikiki Season 2,8.2
Uncle,8.2
The Silent Sea,8.2
Falling for Innocence,8.2
Why Her?,8.1
The Most Beautiful Goodbye,8.1
Punch,8.1
"Work Later, Drink Now Season 2",8.1
Jirisan,8.1
Island,8.1
Sassy Go Go,8.1
Café Minamdang,8.1
On the Verge of Insanity,8.1
Love Revolution,8.1
Special Affairs Team TEN Season 2,8.1
Our Blooming Youth,8.1
Girls' Generation 1979,8.1
Suits,8.1
Blueming,8.1
Can You Hear My Heart,8.1
Growing Season,8.1
To My Star,8.1
Life Is Beautiful,8.1
Chimera,8.1
Jealousy Incarnate,8.1
Idol: The Coup,8.1
Catch the Ghost,8.1
38 Task Force,8.1
My Strange Hero,8.1
Chocolate,8.1
The Law Cafe,8.1
The King: Eternal Monarch,8.1
Remarriage and Desires,8.1
Warrior Baek Dong Soo,8.1
Mask,8.1
"Link: Eat, Love, Kill",8.1
Love Playlist Season 2,8.1
Never Twice,8.1
Familiar Wife,8.1
"Marriage, Not Dating",8.1
Start-Up,8.1
Uncontrollably Fond,8.1
Reply 1994,8.1
Insider,8.1
Secret Royal Inspector,8.1
God's Quiz Season 4,8.1
The Killer's Shopping List,8.1
The Package,8.1
Mistress,8.1
The Good Detective Season 2,8.1
A-Teen,8.1
Witch's Court,8.1
High Kick! The Revenge of the Short Legged,8.1
Haechi,8.1
Your Honor,8.1
Narco-Saints,8.1
Ojakgyo Brothers,8.1
Do You Like Brahms?,8.1
Agency,8.1
Love Playlist Season 3,8.1
The Greatest Love,8.1
Hit the Top,8.1
The Witch's Diner,8.1
Black,8.1
Encounter,8.1
The Innocent Man,8.1
Miss Hammurabi,8.1
"Bread, Love and Dreams",8.1
The Penthouse Season 3: War in Life,8.1
Dear.M,8.1
The Good Wife,8.1
Life,8.1
You Are My Spring,8.1
It's Okay to Be Sensitive,8.1
Kiss Sixth Sense,8.1
Faith,8.1
Be My Dream Family,8.1
Yi San,8.1
She Was Pretty,8.1
My Girlfriend Is a Gumiho,8.1
The Golden Spoon,8.1
Twenty Again,8.0
Comrades,8.0
The Slave Hunters,8.0
The Secret Life of My Secretary,8.0
Shadow Beauty,8.0
Moment at Eighteen,8.0
The Legend,8.0
Marriage Contract,8.0
Ho Goo's Love,8.0
The Last Empress,8.0
Hwarang,8.0
Imitation,8.0
Our Dating Sim,8.0
Miracle That We Met,8.0
She Would Never Know,8.0
Here's My Plan,8.0
Save Me Season 2,8.0
Would You Like a Cup of Coffee?,8.0
Scent of a Woman,8.0
Children of a Lesser God,8.0
Argon,8.0
Memories of the Alhambra,8.0
Twenty-Twenty,8.0
You're Beautiful,8.0
Bossam: Steal the Fate,8.0
V.I.P,8.0
Dokgo Rewind,8.0
Wok of Love,8.0
Tomorrow With You,8.0
Unlock My Boss,8.0
"I'm Sorry, I Love You",8.0
Where Your Eyes Linger,8.0
Island Part 2,8.0
The Kingdom of the Winds,8.0
Anna: Extended Version,8.0
Shut Up: Flower Boy Band,8.0
When the Devil Calls Your Name,8.0
A-Teen Season 2,8.0
Chief of Staff,8.0
Once Upon a Small Town,8.0
Heart Surgeons,8.0
Dream High,8.0
The Universe’s Star,8.0
"Hello, Me!",8.0
I Started Following Romance,8.0
Dinner Mate,8.0
So I Married an Anti-Fan,8.0
Less Than Evil,8.0
One Fine Week,8.0
It's Okay to Be Sensitive Season 2,8.0
Love Playlist,8.0
Real:Time:Love Season 2,8.0
Undercover,8.0
Pied Piper,8.0
The Emperor: Owner of the Mask,8.0
It's Beautiful Now,8.0
The Boy Next Door,8.0
Never Give Up,8.0
"Seo Yeong, My Daughter",8.0
Spring Turns to Spring,8.0
The Lies Within,8.0
My Husband Got a Family,8.0
"Poong, the Joseon Psychiatrist",8.0
Family's Honor,8.0
Fall for You,8.0
"Smile, You",8.0
Goodbye to Goodbye,8.0
The Great Shaman Ga Doo Shim,8.0
"Please Come Back, Mister",8.0
Last,8.0
"That Winter, the Wind Blows",8.0
Take 1,8.0
Lovestruck in the City,7.9
School 2021,7.9
Today's Webtoon,7.9
Dr. Brain,7.9
IRIS,7.9
Falsify,7.9
Family,7.9
Something in the Rain,7.9
Witch's Romance,7.9
Secret Mother,7.9
Just Dance,7.9
Queen of Mystery Season 2,7.9
Priest,7.9
Gap Dong,7.9
Kiss Goblin,7.9
Just One Bite Season 2,7.9
Cross,7.9
Missing You,7.9
W.H.Y.,7.9
The Queen's Classroom,7.9
"Poong, the Joseon Psychiatrist Season 2",7.9
Let's Eat Season 2,7.9
Brain Works,7.9
Arang and the Magistrate,7.9
Love Affairs in the Afternoon,7.9
Doctor Lawyer,7.9
Police University,7.9
Queen of the Ring,7.9
Kiss Scene in Yeonnamdong,7.9
Let Me Be Your Knight,7.9
My Golden Life,7.9
Hope or Dope 2,7.9
Be My Boyfriend,7.9
Queen: Love And War,7.9
Miss Independent Ji Eun Season 2,7.9
Emergency Couple,7.9
Mrs. Cop,7.9
My Beautiful Bride,7.9
Big Issue,7.9
Cheo Yong Season 2,7.9
Eve,7.9
The Three Musketeers,7.9
Mental Coach Jegal,7.9
My ID Is Gangnam Beauty,7.9
Hwang Jin Yi,7.9
Scripting Your Destiny,7.9
Good Job,7.9
River Where the Moon Rises,7.9
Let's Eat,7.9
My Lovely Sam Soon,7.9
Moebius: The Veil,7.9
All About My Mom,7.9
Miss Independent Ji Eun,7.9
Marry Me Now,7.9
Devilish Joy,7.9
Sandglass,7.9
Heart to Heart,7.9
The One and Only,7.9
Decoy,7.9
Tracer,7.9
Where Stars Land,7.9
Super Family,7.9
Nice Witch,7.9
The Gentlemen of Wolgyesu Tailor Shop,7.9
Money Game,7.9
City Hall,7.9
Delivery Man,7.9
The Painter of the Wind,7.9
Joseon Exorcist,7.9
Hospital Ship,7.9
The Girl Who Sees Scents,7.9
"My Lawyer, Mr. Jo",7.9
High Kick Through the Roof!,7.9
Should We Kiss First?,7.9
Wednesday 3:30 PM,7.9
"Saimdang, Light’s Diary",7.9
Doctor Stranger,7.9
A Poem a Day,7.9
Stairway to Heaven,7.9
Hope or Dope,7.9
Shining Inheritance,7.9
Different Dreams,7.9
"Hur Jun, the Original Story",7.9
Sweet Revenge,7.9
We Are Peaceful Brothers,7.9
Two Cops,7.9
Roommates of Poongduck 304,7.9
My Wife’s Having an Affair this Week,7.9
Cain and Abel,7.9
Lucifer,7.9
So Not Worth it,7.9
Matrimonial Chaos,7.9
Sad Love Story,7.9
Kkondae  Intern,7.9
Good Casting,7.9
Dating Class,7.9
"Cheat On Me, if You Can",7.9
The Temperature of Language: Our Nineteen,7.9
Unintentional Love Story,7.9
Anna,7.9
Road Number One,7.9
Strongest Deliveryman,7.9
Bride of the Century,7.9
One More Happy Ending,7.9
Secret Royal Inspector & Joy,7.9
Maids,7.9
Doctors,7.9
A Wife’s Credentials,7.9
Ga Doo Ri’s Sushi Restaurant,7.9
Just One Bite,7.9
Trap,7.9
Can You Deliver Time? 2002,7.9
Switch: Change the World,7.9
Timing,7.9
Your House Helper,7.9
Love After School,7.9
The Incarnation of Money,7.9
Adult Trainee,7.9
Glorious Day,7.8
Naked Fireman,7.8
20th Century Boy and Girl,7.8
The Cursed,7.8
Tracer Season 2,7.8
Forest,7.8
Perfume,7.8
Jejoongwon,7.8
Come! Jang Bo Ri,7.8
You Make Me Dance,7.8
Abyss,7.8
Ja Myung Go,7.8
Grand Prince,7.8
Shadow Detective,7.8
How to Buy a Friend,7.8
Sweet Revenge Season 2,7.8
I Need Romance Season 3,7.8
How to Hate You,7.8
The King in Love,7.8
Flower Grandpa Investigation Unit,7.8
The Game: Towards Zero,7.8
The Wind Blows,7.8
When My Love Blooms,7.8
The Mermaid Prince: The Beginning,7.8
When You Love Yourself,7.8
CHIP-IN,7.8
Horse Doctor,7.8
Cunning Single Lady,7.8
User Not Found,7.8
The Great Show,7.8
"Beautiful Love, Wonderful Life",7.8
Soul Mechanic,7.8
When You Love Yourself Season 2,7.8
Criminal Minds,7.8
Girlfriend Project Day 1,7.8
"Miss Ma, Nemesis",7.8
IN-SEOUL Season 2,7.8
"The Great King, Sejong",7.8
The Scholar Who Walks the Night,7.8
Cherry Blossoms After Winter,7.8
Yellow Boots,7.8
Introverted Boss,7.8
Flower Crew: Joseon Marriage Agency,7.8
You Raise Me Up,7.8
One Fine Week Season 2,7.8
My Dangerous Wife,7.8
Jang Ok Jung,7.8
Plus Nine Boys,7.8
Cat's Bar,7.8
The Flower in Prison,7.8
Return,7.8
Goong,7.8
Ending Again,7.8
Hong Gil Dong,7.8
The Village: Achiara's Secret,7.8
Out of Breath,7.8
Yong Pal,7.8
Beautiful Gong Shim,7.8
My Only Love Song,7.8
Late Night Restaurant,7.8
I Have a Lover,7.8
King Maker: The Change of Destiny,7.8
Man to Man,7.8
King Gwanggaeto the Great,7.8
Room No. 9,7.8
Awl,7.8
Between Friendship and Love Season 3,7.8
Crash! Insignificant Roommates,7.8
Justice,7.8
Oh My Baby,7.8
Longing Heart,7.8
My Love Eun Dong,7.8
A Love So Beautiful,7.8
My Girl,7.8
Sisyphus: The Myth,7.8
Cinderella and the Four Knights,7.8
Emperor of the Sea,7.8
The World of My 17,7.8
Dear My Name,7.8
Sketch,7.8
Love in Contract,7.8
My Sassy Girl,7.8
Like,7.8
Connect,7.8
Seventeen,7.8
"Not Alright, But It's Alright",7.8
"Alice, the Final Weapon",7.8
On the Way to the Airport,7.8
Payback: Money and Power,7.8
A Man's Story,7.8
Judge vs. Judge,7.8
The Heavenly Idol,7.8
The Royal Gambler,7.8
Love with Flaws,7.8
The Ghost Detective,7.8
Mr. Heart,7.8
Secret Love Affair,7.8
Homemade Love Story,7.8
Moonshine,7.8
The King of Dramas,7.8
Short,7.8
Single & Ready to Mingle,7.8
Heaven's Garden,7.8
A Shoulder to Cry On,7.8
Please Don't Date Him,7.8
Feel Good to Die,7.8
Best Mistake,7.8
Sign,7.8
Mother of Mine,7.8
Romanced,7.8
Lucky Romance,7.8
Let's Eat Season 3,7.7
Curtain Call,7.7
Jugglers,7.7
Flower Ever After,7.7
Jang Young Shil,7.7
Dr. Park’s Clinic,7.7
Save the Last Dance for Me,7.7
Legendary Witch,7.7
Time,7.7
Band of Sisters,7.7
The Best Ending,7.7
Delayed Justice,7.7
Winter Sonata,7.7
Melancholia,7.7
The Chaser,7.7
High School King of Savvy,7.7
High-end Crush,7.7
New Heart,7.7
My First First Love 2,7.7
Shark,7.7
Modern Farmer,7.7
Kim Soo Ro,7.7
Stars Falling From the Sky,7.7
My First First Love,7.7
Trolley,7.7
Thumping Spike,7.7
Whisper,7.7
Hotel King,7.7
Padam Padam,7.7
Adamas,7.7
Secret Boutique,7.7
Yoo Na's Street,7.7
Doctor Detective,7.7
Hanging On,7.7
Dear My Room,7.7
East of Eden,7.7
Bad Guys: City of Evil,7.7
The Tasty Florida,7.7
Find Me if You Can,7.7
Stock Struck,7.7
The World of My 17 Season 2,7.7
Scandal,7.7
Once Again,7.7
Shine or Go Crazy,7.7
Everything and Nothing,7.7
New Tales of Gisaeng,7.7
Clean with Passion for Now,7.7
Twenty Years Old,7.7
The Snow Queen,7.7
Evasive Inquiry Agency,7.7
Still Loving You,7.7
Backstreet Rookie,7.7
Long Time No See,7.7
Entertainer,7.7
Wanted,7.7
Brain,7.7
The Suspicious Housekeeper,7.7
Real:Time:Love Season 4,7.7
Gunman In Joseon,7.7
Autumn Tale,7.7
Hidden Identity,7.7
Secret Door,7.7
Best Mistake Season 2,7.7
Times,7.7
EXO Next Door,7.7
Triangle,7.7
Personal Taste,7.7
Baek Hee Has Returned,7.7
Dr. Frost,7.7
Dark Hole,7.7
The Love in Your Eyes,7.7
The Goddess of Revenge,7.7
No Time for Love,7.7
Monthly Magazine Home,7.7
Big Bet Season 2,7.7
Rose Mansion,7.7
To.Two,7.7
Flat,7.7
Do Do Sol Sol La La Sol,7.7
I Have Not Done My Best Yet,7.7
Pop Out Boy!,7.7
Bad Papa,7.7
3 Days,7.7
Ms. Temper & Nam Jung Gi,7.7
Mimicus,7.7
My Fellow Citizens!,7.7
Full House ,7.7
Mirror of the Witch,7.7
Green Mothers' Club,7.7
My Woofy Poofy Love,7.7
Crushes Reverse,7.7
Sunny Again Tomorrow,7.7
Bad Guy,7.7
"Bravo, My Life",7.7
Person Who Gives Happiness,7.7
The Promise,7.7
The Fabulous,7.7
Damo,7.7
Cheo Yong,7.7
Ballad of Seo Dong,7.7
Can I Step In?,7.6
Love & Wish,7.7
Resurrection,7.6
High Class,7.6
Queen of Ambition,7.6
Legal High,7.6
Heard it Through the Grapevine,7.6
Drinking Solo,7.6
Let Me Introduce Her,7.6
Dal Ja's Spring,7.6
IN-SEOUL,7.6
Color Rush,7.6
Flowers for My Life,7.6
Who Are You,7.6
God of War,7.6
Little Girl K,7.6
Fermentation Family,7.6
Top Management,7.6
Protect the Boss,7.6
My Romantic Some Recipe,7.6
Melting Me Softly,7.6
Real:Time:Love Season 3,7.6
Sisters-in-Law,7.6
The Spring Day of My Life,7.6
A Pledge to God,7.6
Pumpkin Time,7.6
Behind Every Star,7.6
Show Window: The Queen's House,7.6
Last Minute Romance,7.6
22 Flower Road,7.6
Surgeon Bong Dal Hee,7.6
Obstetrics and Gynecology Doctors,7.6
Love Rain,7.6
Pasta,7.6
Top Star Yoo Baek,7.6
My Husband Oh Jak Doo,7.6
Tempted,7.6
King Geun Cho Go,7.6
The Best Moment To Quit Your Job,7.6
Enemies from the Past,7.6
My Secret Romance,7.6
Crime Puzzle,7.6
My Only One,7.6
Gye Baek,7.6
Ex-Girlfriend Club,7.6
Moorim School,7.6
What's Your Blood Type?,7.6
Fantastic,7.6
Temptation of Wife,7.6
Prosecutor Princess,7.6
Golden Pouch,7.6
Eccentric! Chef Moon,7.6
Hi! School - Love On,7.6
Want More 19,7.6
Second Husband,7.6
That Fool,7.6
Beyond the Clouds,7.6
A Thousand Days' Promise,7.6
What's Up?,7.6
Youtuber Class,7.6
Discovery of Romance,7.6
All In,7.6
"Bad Thief, Good Thief",7.6
Love in Sadness,7.6
Reunited Worlds,7.6
Forecasting Love and Weather,7.6
Seonam Girls High School Investigators,7.6
The Undateables,7.6
Cleaning Up,7.6
Nightmare Teacher,7.6
Super Daddy Yeol,7.6
Convenience Store Fling,7.6
Capital Scandal,7.6
"Father, I’ll Take Care of You",7.6
"Meow, the Secret Boy",7.6
Liver or Die,7.6
All About Eve,7.6
Just One Bite: Pilot,7.6
Govengers,7.6
Splendid Politics,7.6
Flower Boy Next Door,7.6
"Remember, Hari",7.6
"Friend, Our Legend ",7.6
The Sound of Your Heart: Reboot Season 2,7.6
Make a Woman Cry,7.6
"Delightful Girl, Choon Hyang",7.6
Because It's the First Time,7.6
Swallow the Sun,7.6
Taste of Cat,7.6
Bad Family,7.6
"Breakup Probation, A Week",7.6
The Banker,7.6
"Noble, My Love",7.6
"Yeah, That's How It Is",7.6
Queen Insoo,7.6
All About My Romance,7.6
Thumping Spike 2,7.6
The Heirs,7.6
Boys Over Flowers,7.6
Not a Robot,7.6
Radio Romance,7.6
Assembly,7.6
Pride and Prejudice,7.6
"Don't Lie, Rahee",7.5
My Healing Love,7.6
Wish You: Your Melody From My Heart,7.5
New Love Playlist,7.5
Heartstrings,7.5
Woman of 9.9 Billion,7.5
It's Okay to Be Sensitive Season 3,7.5
To the Beautiful You,7.5
Beautiful Days,7.5
Let Me Off the Earth,7.5
Bicheonmu,7.5
Radiant Office,7.5
Love Playlist Pilot,7.5
Witch's Love,7.5
Temperature of Love,7.5
Monstrous,7.5
Love for a Thousand More,7.5
Rugal,7.5
Star in My Heart,7.5
Tree of Heaven,7.5
Casting a Spell to You,7.6
Master of Study,7.5
Big Bet,7.5
Secret Investigation Record,7.5
A Model Family,7.5
Re-Feel,7.5
Failing in Love,7.5
Dae Jang Geum Is Watching,7.5
Wish Woosh 2,7.5
The Producers,7.5
Hellbound,7.5
Hunted,7.5
The Spies Who Loved Me,7.5
Potato Star 2013QR3,7.5
Yonder,7.5
Glass Slippers,7.5
Wonderful Life,7.5
4 Reasons Why I Hate Christmas,7.5
Woman with a Suitcase,7.5
Alone in Love,7.5
My Too Perfect Sons,7.5
After School: Lucky or Not,7.5
Risky Romance,7.5
Soul Plate,7.5
Angel Eyes,7.5
Cheer Up,7.5
The Return of Iljimae,7.5
Doubtful Victory,7.5
The Guilty Secret,7.5
Unicorn,7.5
Crazy for You,7.5
Heartbeat Broadcasting Accident,7.5
The Lover,7.5
To My Beautiful Woo Ri,7.5
The 3rd Ward,7.5
Be Strong Geum Soon,7.5
I Wanna Hear Your Song,7.5
Love Class,7.5
A Daughter Just Like You,7.5
I Need Romance Season 2,7.5
Record of Youth,7.5
100% Era,7.5
"Me too, Flower!",7.5
Father's House,7.5
Grid,7.5
Soulmate,7.5
H.I.T,7.5
One Sunny Day,7.5
Afraid Of,7.5
The King's Face,7.5
Hush,7.5
Dok Go Bin Is Updating,7.5
May Queen,7.5
Devil Inspector Season 2,7.5
Lovers,7.5
Naeil's Cantabile,7.5
The [email protected],7.5
Love Scene Number,7.5
Three Brothers,7.5
Hide and Seek,7.5
"Maybe, Maybe Not",7.5
Hotelier,7.5
Your Imagination Becomes Reality,7.5
Unasked Family,7.5
Hometown,7.5
Wang's Family,7.5
Love Is for Suckers,7.5
Society Obsessed with Love,7.5
Mute,7.5
Happy Ending Romance,7.5
"Good-bye, Mr. Black",7.5
I Picked Up a Star on the Road,7.5
Birth of a Beauty,7.5
Reflection of You,7.5
The Great Merchant,7.5
Golden Rainbow,7.5
Lovers in Bloom,7.5
Glitch,7.5
Graceful Friends,7.5
Romance Talking,7.5
The Fugitive: Plan B,7.5
My Princess,7.5
Heaven's Order,7.5
Rich Family's Son,7.5
Real:Time:Love,7.5
9 Seconds: Eternal Time,7.5
The Liar and His Lover,7.5
The Master of Revenge,7.5
Anniversary Anyway,7.5
Warm and Cozy,7.5
"Smile, Dong Hae",7.5
Alive,7.5
About Time,7.5
Vampire Detective,7.5
Unkind Women,7.5
Gumiho: Tale of the Fox's Child,7.5
Secret Love,7.5
Couple or Trouble,7.5
After the Show Ends,7.5
Miracle,7.5
Banana Actually 2,7.5
Choco Milk Shake,7.5
Wonderful Days,7.5
Peach of Time,7.5
First Love Story Season 2,7.5
The Iron Empress,7.5
Summer Guys,7.5
My Sweet Dear,7.5
Once Upon a Time in Saengchori,7.5
Lie to Me,7.5
Brilliant Heritage,7.5
Banana Actually,7.4
"Nevertheless,",7.4
Sweet 18,7.4
Fates & Furies,7.4
Back to the 2008,7.4
The Time We Were Not in Love,7.4
"Hyde, Jekyll, Me",7.4
To Be Continued,7.4
Hearts of Nineteen,7.4
Bravo My Life,7.4
"Will Be Okay, Never Die",7.4
Must You Go?,7.4
Kimcheed Radish Cubes,7.4
Andante,7.4
Bite Sisters,7.4
Tazza,7.4
The Virus,7.4
Yellow,7.4
Last Scandal,7.4
Wild Romance,7.4
9 End 2 Outs,7.4
Revolutionary Love,7.4
Woof & Meow – Do you Love Me?,7.4
Second to Last Love,7.4
21st Century Family,7.4
The Colors of Our Time,7.4
House of Bluebird,7.4
Cruel Palace - War of Flowers,7.4
Triple Fling,7.4
The King and I,7.4
Spring Waltz,7.4
You Are The Best!,7.4
4 Kinds of House,7.4
Private Lives,7.4
Crime Squad,7.4
Mrs. Cop Season 2,7.4
Part-time Mello,7.4
About Love,7.4
Golden Time,7.4
Five Fingers,7.4
Golden Bride,7.4
Tong: Memories,7.4
Gourmet,7.4
Conspiracy in the Court,7.4
Love Returns,7.4
Sometoon 2020,7.4
One More Time,7.4
Let's Only Walk The Flower Road,7.4
Ms. Perfect,7.4
Three Dads One Mom,7.4
First Love Story,7.4
Cheese in the Trap,7.4
On Air,7.4
Replay: The Moment When It Starts Again,7.4
Between Friendship and Love,7.4
Jungle Fish 2,7.4
My Little Baby,7.4
Red Balloon,7.4
What Happened in Bali,7.4
Love Is Drop by Drop,7.4
Golden Empire,7.4
The Woman Who Still Wants to Marry,7.4
Mokkoji Kitchen,7.4
Kokdu: Season of Deity,7.4
La Dolce Vita,7.4
Revolutionary Sisters,7.4
The New Employee,7.4
The Sound of Your Heart: Reboot,7.4
Babysitter,7.4
The Queen of Office,7.4
Jinx,7.4
Gloria,7.4
Feast of the Gods,7.4
Item,7.4
Meloholic,7.4
"Fly, Again",7.4
Biscuit Teacher and Star Candy,7.4
The Equator Man,7.4
Oh! My Lady,7.4
Golden Garden,7.4
Love (ft. Marriage and Divorce) Season 2,7.4
300 Year-Old Class of 2020,7.4
Which Star Are You From?,7.4
Sweet Stranger and Me,7.4
IRIS 2,7.4
Luv Pub,7.4
Part-Time Idol,7.4
Stranger Kim,7.4
The Moment the Heart Shines,7.4
Divorce Lawyer in Love,7.4
Between Friendship and Love Season 2,7.4
Monster,7.4
Dr. Gang,7.4
Alice,7.4
Little Mom Scandal Season 2,7.4
Tofu Personified,7.4
Triple Fling Season 2,7.4
Creating Destiny,7.4
The Secret Message,7.4
Birth Secret,7.4
The Bride of Habaek,7.4
Ordinary but Special,7.4
Blood,7.4
Strangers Again,7.4
Oh! Boarding House,7.4
The Director Who Buys Me Dinner,7.4
Touching You,7.4
No Matter What,7.4
Imaginary Cat,7.4
People You May Know,7.4
Foolish Mom,7.4
Login to You,7.4
"Fight Hard, Love Harder",7.4
Boarding House #24,7.4
Big Thing,7.4
The Cravings Season 2,7.4
The Running Mates: Human Rights,7.4
My Absolute Boyfriend,7.4
Kill Heel,7.4
Secret Campus,7.4
"It's Okay, Daddy's Girl",7.4
Unknown Woman,7.4
Becoming Witch,7.4
Vivid Romance,7.4
Twelve Nights,7.4
Holy Land,7.4
Gracious Revenge,7.4
"Go, Back Diary",7.4
Love as You Taste,7.4
The Vineyard Man,7.4
Harvest Villa,7.3
L.U.C.A.: The Beginning,7.3
Flower Boy Ramen Shop,7.3
Queen of Reversals,7.3
More Than Friends,7.3
A Place in the Sun,7.3
Bargain,7.3
Tower of Babel,7.3
Big Picture House,7.3
The Witch Store,7.3
First Love Story Season 3,7.3
Loving You a Thousand Times,7.3
Lovers in Paris,7.3
Missing 9,7.3
Disarming Romance,7.3
Hyena,7.3
Untouchable,7.3
Touch,7.3
Miss Korea ,7.3
Positive Physique,7.3
Was It Love?,7.3
Home for Summer,7.3
Mom Has an Affair,7.3
All My Love,7.3
Freshman,7.3
The Road: The Tragedy of One,7.3
Can We Love?,7.3
Rumor,7.3
Dream Knight,7.3
When It's At Night,7.3
Happy Home,7.3
Jinxed at First,7.3
Trot Lovers,7.3
A Love to Kill,7.3
Hero,7.3
Prime Minister and I,7.3
You Are The Only One,7.3
I Really Really Like You,7.3
The Man of My Life,7.3
Born Again,7.3
Dating Agency: Cyrano,7.3
Broke Rookie Star,7.3
No Going Back Romance,7.3
"I  Do, I Do",7.3
The Witch Store Reopening,7.3
My Secret Hotel,7.3
Level Up,7.3
Office Watch,7.3
Rich Man,7.3
Hero,7.3
Ma Boy,7.3
My Love By My Side,7.3
The World That They Live In,7.3
Gangnam Scandal,7.3
"Fight Hard, Love Harder Season 2",7.3
Madame Antoine,7.3
"What's Up, Fox?",7.3
Vampire Idol,7.3
"Cheer Up, Mr. Kim!",7.3
Her Bucket List,7.3
Master's Delicacies,7.3
Assorted Gems,7.3
When Time Stopped,7.3
Immortal Classic,7.3
Wonderful Mama,7.3
Pure Melo District,7.3
Love to the End,7.3
The Man's Voice,7.3
Three Bold Siblings,7.3
Goddess of Fire,7.3
Twinkle Twinkle,7.3
Can Love Become Money,7.3
Women of the Sun,7.3
Little Mom Scandal,7.3
We Broke Up,7.3
"Que Sera, Sera",7.3
Vengeance of the Bride,7.3
Flower of the Queen,7.3
Reset,7.3
Trap,7.3
I Order You,7.3
Matching! Boys Archery,7.3
Lawyers of Korea,7.3
I Need Romance,7.3
One Well-Raised Daughter,7.3
Café Kilimanjaro,7.3
Longing for Spring,7.3
Possessed,7.3
Green Rose,7.3
Love Alarm,7.3
I Hate You Juliet,7.3
"Persevere, Goo Hae Ra",7.3
The School Nurse Files,7.3
Operation Proposal,7.3
Young Lady and Gentleman,7.3
Golden Cross,7.3
Love Story in Harvard,7.3
Dr. Champ,7.3
Yaksha,7.3
Summer Scent,7.3
The Eccentric Daughter-in-Law,7.3
Best Chicken,7.3
President,7.3
High Society,7.3
A Man Called God,7.3
Real School,7.3
"Sweet, Savage Family",7.3
Phoenix,7.3
Borg Mom,7.3
Angel's Revenge,7.3
All the Liquors,7.3
Bubblegum,7.3
Rosy Lovers,7.3
Lonely Enough to Love,7.3
Hip Hop Teacher,7.3
Best Mistake Season 3,7.3
SPY,7.3
A Man in a Veil,7.3
The Duo,7.3
Gold Mask,7.3
Monstar,7.3
Night Watchman's Journal,7.3
Surplus Princess,7.3
"Tamra, The Island",7.3
If in Love Like Them,7.2
Athena: Goddess of War,7.2
Miss Lee,7.2
Queen of the Game,7.2
Playful Kiss,7.2
Vacation,7.2
The Great Seer,7.2
Big Man,7.2
Queen of Housewives,7.2
A Good Day for the Wind to Blow,7.2
Devil Inspector,7.2
Left-Handed Wife,7.2
Wind-Bell,7.2
Love Teenager,7.2
Ms. Kim's Million Dollar Quest,7.2
Romance,7.2
Valid Love,7.2
"Hello, God",7.2
Love and Secret,7.2
Check Out the Event,7.2
Soul,7.2
She Knows Everything,7.2
"Legally, Dad",7.2
First Love Again,7.2
Romance Blue,7.2
Love After School Season 2,7.2
Temptation of an Angel,7.2
Local Hero,7.2
Alchemist,7.2
Partner,7.2
My Wonderful Roommate,7.2
Syndrome,7.2
Oh! My Assistant,7.2
Mimi,7.2
Who Are You?,7.2
Lobbyist,7.2
Man in the Kitchen,7.2
You Are My Destiny,7.2
Star's Lover,7.2
Pink Lipstick,7.2
Thorn Birds,7.2
Black Knight: The Man Who Guards Me,7.2
Sweet Temptation,7.2
Tinted With You,7.2
Save the Family,7.2
Next Door Witch J,7.2
Mysterious Personal Shopper,7.2
"Let's Eat Something, Anna",7.2
Inspiring Generation,7.2
Someday,7.2
Running Gu,7.2
Robber,7.2
Sweet Spy,7.2
Fashion 70's,7.2
Artificial City,7.2
My Runway,7.2
Monchouchou Globalhouse,7.2
Phantom School,7.2
YG Future Strategy Office,7.2
Manhole,7.2
One Warm Word,7.2
Clocking Out,7.2
Medical Top Team,7.2
Mr. Back,7.2
Mr. Goodbye,7.2
The Empire,7.2
Endless Love,7.2
Myung Wol the Spy,7.2
The Cravings,7.2
Wild Chives and Soy Bean Soup: 12 Years Reunion,7.2
Money's Warfare,7.2
The Merchant: Gaekju 2015,7.2
A Hundred Year's Inheritance,7.2
Welcome to Wedding Hell,7.2
Glamorous Temptation,7.2
Rascal Sons,7.2
First Kiss,7.2
My Precious You,7.2
Full House Take 2,7.2
Love in Black Hole,7.2
To All The Guys Who Loved Me,7.2
The Man Who Can't Get Married,7.2
It's My Life,7.2
Persona,7.2
Today Office Tomorrow Romance,7.2
"Sang Doo, Let's Go To School",7.2
Spring Day,7.2
I Have Three Boyfriends,7.2
Cheongdamdong Alice,7.1
My Fair Lady,7.1
Romance Special Law,7.1
True Ending,7.1
My Heart Twinkle Twinkle,7.1
Man Who Dies to Live,7.1
Behind Cut,7.1
Beethoven Virus,7.1
My Chilling Roommate,7.1
Invincible Parachute Agent,7.1
Girl of 0AM,7.1
Click Your Heart,7.1
Panda and Hedgehog,7.1
Bad Couple,7.1
My Daughter Geum Sa Wol,7.1
I Love You,7.1
Kissable Lips,7.1
Hot and Sweet,7.1
Goodbye Dear Wife,7.1
After School: Lucky or Not Season 2,7.1
Choco Bank,7.1
Cloud Stairs,7.1
Call of the Country,7.1
Love Letter,7.1
Nobleman Ryu's Wedding,7.1
Dalgona,7.1
The 1km Distance Between Us,7.1
Riders: Catch Tomorrow,7.1
Lovers in Prague,7.1
Unexpected Heroes,7.1
Lovely Horribly,7.1
Invincible Lee Pyung Kang,7.1
Her Lovely Heels,7.1
Best Wedding,7.1
Falling for Do Jeon,7.1
"I Summon You, Gold!",7.1
Cinderella's Sister,7.1
Love in Spring,7.1
Glass Mask,7.1
Great Inheritance,7.1
Midas,7.1
Night Light,7.1
Hooray for Love,7.1
Individual Circumstances,7.1
Discipline,7.1
Stained Glass,7.1
Ocean Likes Me,7.1
Peng,7.1
Successful Story of a Bright Girl,7.1
Play Guide,7.1
Dr. Ian,7.1
Loss:Time:Life,7.1
"My Love, Madame Butterfly",7.1
Blow Breeze,7.1
Spark,7.1
The Miracle,7.1
Don't Hesitate,7.1
Powerful Opponents,7.1
Mary Stayed Out All Night,7.1
Women at a Game Company,7.1
Can We Get Married?,7.1
I Am Legend,7.1
Dramaworld,7.1
Hometown Legends,7.1
My Unfortunate Boyfriend,7.1
The Family Is Coming,7.1
Temptation,7.1
Our Gap Soon,7.1
Color Rush Season 2,7.1
Love Cells,7.1
Baby-faced Beauty,7.1
Haeundae Lovers,7.1
Nickname Pine Leaf,7.1
Strongest Chil Woo,7.1
"Please Remember, Princess",7.1
Magic School,7.1
Infinite Power,7.0
Love in Time,7.0
The Interest of Love,7.0
Be Arrogant,7.0
Twelve Men in a Year,7.0
Wedding,7.0
Legend of Hyang Dan,7.0
All is Well,7.0
Coma,7.0
Aftermath Season 2,7.0
The Wedding Scheme ,7.0
Star's Echo,7.0
Jeon Woo Chi,7.0
How to Meet a Perfect Neighbor,7.0
That Man Oh Soo,7.0
Her Legend,7.0
Big,7.0
I Am...,7.0
Loveholic,7.0
Cruel Love,7.0
Air City,7.0
Hateful But Once Again,7.0
Please Find Her,7.0
Sweden Laundry,7.0
How to Be Thirty,7.0
She Is Nineteen,7.0
Vampire Flower,7.0
Sweet Enemy,7.0
Bachelor's Vegetable Store,7.0
Super Rookie,7.0
Only You,7.0
Love Marriage,7.0
Why Did You Come to My House?,7.0
Bong Soon: A Cyborg in Love,7.0
"Smile, Again",7.0
Tomorrow Boy,7.0
"Take Care of Us, Captain",7.0
Blade Man,7.0
Aftermath,7.0
Dear X Who Doesn't Love Me,7.0
My Fuxxxxx Romance,7.0
The Female Friend Among Guys,7.0
Time of Memory,7.0
Do Dream,7.0
K-POP - The Ultimate Audition,7.0
Joseon Survival,7.0
18 vs. 29,7.0
Glory Jane,7.0
Ghostderella,7.0
A Superior Day,7.0
Royal Family,7.0
Exactly What’s Going On?,7.0
Monkey and Dog Romance,7.0
Loving You,7.0
You're Too Much,7.0
Somebody,7.0
To My Beloved,7.0
1% of Anything,7.0
The Man in the Mask,7.0
Attic Cat,7.0
Momo Salon,6.9
Love on a Rooftop,6.9
Another Parting,6.9
Sweet Munchies,6.9
Mermaid Prince,6.9
"Sweet Home, Sweet Honey",6.9
In Soon is Pretty,6.9
Naughty Boy,6.9
The Thousandth Man,6.9
Love (ft. Marriage and Divorce),6.9
Miss Monte-Cristo,6.9
Love (ft. Marriage and Divorce) Season 3,6.9
Becoming a Billionaire,6.9
Give Love Away,6.9
Over the Rainbow,6.9
My Love Patzzi,6.9
She Is Wow!,6.9
Crazy Love,6.9
We Are Dating Now,6.9
Nine Tailed Fox,6.9
Lover of the Palace,6.9
Snow White,6.9
90 Days of Love,6.9
7th Grade Civil Servant,6.9
Salamander Guru and the Gang,6.9
Will It Snow for Christmas?,6.9
When I Was the Most Beautiful,6.9
Witch Yoo Hee,6.9
Melody of Love,6.9
Mama Fairy and the Woodcutter,6.9
Time Slip Dr. Jin,6.9
The Empress,6.9
Poseidon,6.8
Number Six,6.8
Single Dad In Love,6.8
Dream High Season 2,6.8
Flames of Desire,6.8
Romance Zero,6.8
A Tale of Two Sisters,6.8
Unemployed Romance,6.8
Love Cells Season 2,6.8
Your Playlist,6.8
When a Man's in Love,6.8
My Lovely Girl,6.8
The Blue Sea,6.8
Let's Go to The Beach,6.8
Advertising Genius Lee Tae Baek,6.8
Fluttering Warning,6.8
Passionate Love,6.8
A Thousand Kisses,6.8
Can't Lose,6.8
Orange Marmalade,6.8
Get Karl! Oh Soo Jung,6.8
"Now, We Are Breaking Up",6.8
Delivery,6.8
Momin's Room,6.8
Let's Hold Hands Tightly and Watch The Sunset,6.8
Dream,6.8
Love in Memory,6.8
Eating Existence,6.8
Marrying a Millionaire,6.8
Sword and Flower,6.7
I  Can See Your MBTI,6.7
Princess LuLu,6.7
Prince's First Love,6.7
Star With a Secret,6.7
"Coffee, Do Me a Favor",6.7
Thousand Years of Love,6.7
Before and After: Plastic Surgery Clinic,6.7
Hello! Miss,6.7
The Sweet Blood,6.7
She Is 200 Years Old,6.7
How Are You Bread,6.7
The Third Charm,6.7
Boys Dormitory,6.7
Cinderella Man,6.7
I Love Lee Tae Ri,6.7
Don't Ask Me About The Past,6.7
Oh My Ladylord,6.7
Summer Love,6.7
The Best Future,6.7
A New Leaf,6.7
My Dear Friend,6.7
Basketball,6.7
Paradise Farm,6.7
Ireland,6.7
Hanoi Bride,6.7
Mackerel Run,6.7
My Sweet Seoul,6.7
Love Frequency 37.2,6.7
The Flatterer,6.7
Goong S,6.7
Goddess Of Marriage,6.7
Start Love,6.6
I Am Your Teacher,6.6
Entourage,6.6
109 Strange Things,6.6
Prince's Prince,6.6
Jungle Fish,6.6
Ohlala Couple,6.6
One Fine Day,6.6
Missing Korea,6.6
Bel Ami,6.6
Birdie Buddy,6.6
Bad Girlfriend,6.6
A Good Supper,6.6
Miss Ripley,6.6
The Woman Who Married Three Times,6.6
The Facetale: Cinderia,6.6
Coffee House,6.6
Love Detective Sherlock K,6.6
A Beauty of Revenge,6.6
Immutable Law of First Love,6.5
